,train loss,train acc,val loss,val acc
0,4.4826728194952015,4.7734617822423635,2.8671671986579894,2.868147863122152
1,2.613420867919922,2.6158861154971627,2.5379727482795715,2.538734697131054
2,2.343117274840673,2.3440411276863293,2.416293179988861,2.417174821989601
3,2.176881592472394,2.177679968821876,2.347360380490621,2.348180124931536
4,2.0488116641839347,2.049810282036812,2.306605903307597,2.307528960911699
