,train loss,train acc,val loss,val acc
0,5.215685960650444,5.4418244988430695,3.152419896920522,3.1531206974107886
1,2.7749463776747385,2.778479343462643,2.6429415186246237,2.6439800311345416
2,2.4080468157927197,2.4092035579177637,2.489735734462738,2.4906415295710396
3,2.200052074591319,2.2009910724388853,2.408073091506958,2.408794878001511
4,2.0462835480769477,2.0472557991416105,2.3604174057642617,2.3610384069457417
