,train loss,train acc,val loss,val acc
0,2.317031371950948,2.358515323277246,2.165820332463516,2.17725223302901
