,train loss,train acc,val loss,val acc
0,2.7355758349100747,2.969443071650607,2.215281581878662,2.216005727370853
