,train loss,train acc,val loss,val acc
0,2.3166234885853614,2.3558624774295174,2.169852461506602,2.182917141579303
