,train loss,train acc,val loss,val acc
0,2.705351362405,2.9428185332314176,2.178746255238851,2.179701603935781
1,1.8839520313121654,1.8848628222750623,2.18499387105306,2.1856951437196015
