,train loss,train acc,val loss,val acc
0,2.872894040964268,3.1708300156005804,2.1819332341353097,2.182782156483814
