,train loss,train acc,val loss,val acc
0,2.7864332331551447,3.058803762707246,2.1762083609898886,2.177634381557451
1,1.9223689123436256,1.9233485590847847,2.1951434214909873,2.196234412789774
2,1.5837229799341273,1.584652753253008,2.2846384127934773,2.2852800549036307
3,1.3515745869389286,1.3530517203303187,2.3194809198379516,2.320093370593507
4,1.1810895151562162,1.1821445844211116,2.3608502944310508,2.3619626442338286
