,train loss,train acc,val loss,val acc
0,2.676622996330261,2.9154701070300346,0.22663623094558716,0.22663402557373047
