,train loss,train acc,val loss,val acc
0,2.746032874672501,3.0053224095307964,2.1665048440297445,2.1670868213639265
