,train loss,train acc,val loss,val acc
0,9.216516168912252,9.379055160446425,5.982905109723409,5.983421044337601
1,3.7757219930489856,3.9028939836234553,2.655194350083669,2.6557176441362618
2,2.4400544583797457,2.4409691998874066,2.5145065506299336,2.5153127626918685
3,2.154730552434921,2.155468798969842,2.4997279167175295,2.5002331867119962
4,1.9800125181674957,1.9807326738953388,2.4753408869107565,2.4762649122913154
5,1.8646473243832589,1.8652976634210023,2.473413614432017,2.473819717764444
