train_rmse,valid_rmse
3.047878699906047,3.1128585048763373
2.4574258933749387,2.5953225502716877
2.2381602942704637,2.4507108185734063
2.0895545178905817,2.374569808411231
1.973255269685352,2.3295585345806087
1.8775788793181396,2.3018458172201535
1.7962580599261937,2.2846573536868027
1.7269065033349247,2.2763787088004066
1.6656412160893683,2.272355251964256
1.6131441748656812,2.272203213428409
