train_rmse,valid_rmse
2.9617024274587873,3.009787404213611
2.4419807674292406,2.5672485404953
2.2321045703842666,2.430479276205904
2.0876319272323713,2.357857437952641
1.9736635451613935,2.313990835654903
1.87909741842371,2.28716631247606
1.7987165685425783,2.272044451345414
1.729368967018949,2.2640203571245676
1.6689927345034772,2.260778696873333
1.6162422183633725,2.261668020874071
