train_rmse,valid_rmse
2.9227417734476804,2.9861276426447554
2.417275827290439,2.5483429988455772
2.216642412493887,2.417990220391319
2.0768096047379516,2.3478228646294044
1.966678908973848,2.305368871942602
1.8753217811400518,2.2794249898324264
1.7973665861791135,2.2640372370007364
1.7300683281995017,2.2552345551095074
1.6708704181447231,2.251703608768487
1.6194868251119177,2.252167546799422
