train_rmse,valid_rmse
2.007347070682218,2.2004807382844507
