train_rmse,valid_rmse
2.858068438438285,2.91757234171603
2.4091209835712775,2.5386964858323475
2.2161083304419757,2.417155324984776
2.078499689594822,2.3491555875145256
1.968736265867523,2.307742793673348
1.8758379374518108,2.2809546211701983
1.7966997321993496,2.2656859310208644
1.728440180689713,2.257497307526515
1.667976811469131,2.253845352211937
1.6151546600888405,2.254238029186522
