train_rmse,valid_rmse
2.0092717550918855,2.200058869533546
1.635284042810856,2.2308370194433316
1.4216953350833352,2.261388189096665
1.3128368325111281,2.3192215271282404
0.0,0.0
0.0,0.0
0.0,0.0
0.0,0.0
0.0,0.0
0.0,0.0
