train_rmse,valid_rmse
2.966550768203877,3.014723556249385
2.442820137911291,2.569483022636372
2.2311632960943957,2.431393726343726
2.085922131260575,2.3582989318633536
1.9716263413717574,2.3143156654029933
1.8769943277608752,2.287444232485029
1.7966443460106014,2.2723521477471813
1.7274397564624506,2.2643781367805147
1.6671968028219026,2.261184438578034
1.6146438543313393,2.2621276004082183
