train_rmse,valid_rmse
2.927148144732081,2.979020931704023
2.4035926179087217,2.5415592376263025
2.200001585869808,2.420227115153195
2.0561372439579677,2.3541535802246014
1.9417847812931401,2.3150947299001494
1.8470826993506582,2.291434058898656
1.767080568448839,2.277255775403013
1.6980413767457099,2.2708692541041713
1.638579555227825,2.2709018278652673
1.5875463811257533,2.273691897127473
