train_rmse,valid_rmse
2.0092717550918855,2.200058869533546
