train_rmse,valid_rmse
1.9107874346087341,2.158222876968492
