train_rmse,valid_rmse
4.020792099920324,4.063788594971219
2.090868718363604,2.2788902470963994
1.818026548579316,2.2590115690458257
1.6496550163150057,2.2434528286361113
1.54730963010903,2.2801748621567053
1.4687126459587476,2.310282761343368
1.4048390488951064,2.316328220146212
0.0,0.0
0.0,0.0
0.0,0.0
0.0,0.0
0.0,0.0
0.0,0.0
0.0,0.0
0.0,0.0
0.0,0.0
0.0,0.0
0.0,0.0
0.0,0.0
0.0,0.0
