train_rmse,valid_rmse
2.830848521834829,2.882176287227652
2.431115546173497,2.5442814966966676
2.246575325730052,2.4231500040564136
2.112004498125203,2.353451403538881
2.0024635134026267,2.3096644911906874
1.9091787978296486,2.2806127142278156
1.828584518848634,2.2632157037596365
1.7579151507417883,2.253743121255041
1.6959201025963995,2.249591289488005
1.6410422121204553,2.2489010513954844
