train_rmse,valid_rmse
2.001787306829769,2.193527584760543
