train_rmse,valid_rmse
4.939257717577099,5.038612653200104
1.999531546474108,2.492446972845221
1.710458188649267,2.445596979328482
1.5560187858264631,2.425268198742526
1.4449183400442323,2.426521749289847
1.354149264843076,2.4319672911360093
1.3058905166780748,2.4390897908008893
1.2467560257616674,2.432069946221584
1.2064931322313879,2.4387700687740863
1.156961390605486,2.440128963840649
