train_rmse,valid_rmse
1.9886921322223634,2.193573308705614
1.6331547830105992,2.218835418969556
1.4421275958795587,2.2823116866548543
1.3487340411265965,2.3524855734053123
0.0,0.0
0.0,0.0
0.0,0.0
0.0,0.0
0.0,0.0
0.0,0.0
