train_rmse,valid_rmse
5.355087668760473,5.4550524778086045
2.2677863334654353,2.635074194577186
1.7771942049482101,2.4367372416006474
1.5806326731322367,2.4164614953765278
1.4564921296173299,2.4233350114607837
1.3653410330980096,2.4221887855423936
1.2873290793852532,2.4226730893354347
1.23466000838672,2.4120866609813896
1.200322909913285,2.4246340939464153
1.1460130854555337,2.4293880279993356
