train_rmse,valid_rmse
2.001787306829769,2.193527584760543
1.6447276886058035,2.237456125987797
1.4620243394409813,2.268479658777602
1.3392149826965314,2.298461569197351
1.26902399082953,2.3621305613721644
1.2184672323679373,2.3508251329072207
1.1617681375829716,2.3793847437543545
1.1119690291187163,2.3789772412046326
1.077250567641247,2.4056511617201997
1.0454536689959986,2.405095079760504
