train_rmse,valid_rmse
1.966203186824574,2.176358788609285
