train_rmse,valid_rmse
1.885226052778414,0.42122888565063477
