train_rmse,valid_rmse
2.97213102515349,3.0094164945985327
2.436672046269702,2.550680817455208
2.226449379528885,2.416590337108134
2.081217806552392,2.3452215298687786
1.9672496149233205,2.3020793330703992
1.8737328179608752,2.276044781438245
1.7938481292113764,2.260181169762638
1.7251102808983483,2.2527769770100265
1.6659964282698672,2.250531310822859
1.613552689359416,2.2512366932721175
