train_rmse,valid_rmse
2.894565943041727,2.949551708226682
2.431889304255581,2.56349600313068
2.2326295394058637,2.4362464232473138
2.091789722102426,2.364871928517629
1.9792186640610367,2.3203891979338827
1.8851264248734663,2.293158694587229
1.8047843931629133,2.2764617056698992
1.7351471063427504,2.266866057893505
1.6746513103825753,2.2630291447921773
1.6212146948270285,2.263888906310564
