train_rmse,valid_rmse
2.8165348574888607,2.9053520329199056
2.3283003102153814,2.523961340677884
2.112252886879348,2.408117768963694
1.9581544396518455,2.3482254638294933
1.83772108686935,2.3161605783269903
1.7398628622543855,2.299562346330508
1.6587216216636946,2.2935622306902865
1.5908067390655545,2.294566609850716
1.5343576797465202,2.2988019323289453
1.4859841664291804,2.307021746085856
