train_rmse,valid_rmse
2.94220742645124,3.000728645660103
2.461708555642065,2.589281606532128
2.2536719024425538,2.4503770609374915
2.1068155598293026,2.3730596534311896
1.9887809445105658,2.325141824788904
1.890169752396333,2.294325073539323
1.8054053341679026,2.2769065098231787
1.7324235408681465,2.2669612332792446
1.6688843245479192,2.2624496924985347
1.6136318361401665,2.263397351098162
