train_rmse,valid_rmse
3.0826925054146703,3.116686165236411
2.4482427251168257,2.572151241023628
2.22307347580053,2.4303855102889
2.072259497548116,2.358139903021522
1.9557548446439035,2.3171142333465586
1.8605678414547315,2.2916022870427417
1.7801857732466473,2.2768398579277775
1.7119712125164583,2.270609586233884
1.6526196584896007,2.2686426624808447
1.6008218735018949,2.270485445234757
