train_rmse,valid_rmse
2.5264090536852577,1.4247169494628906
1.7764680382309648,0.1654057502746582
