train_rmse,valid_rmse
3.1971580953329592,3.243409245982661
2.4157600026917723,2.536267165531725
2.197214193187928,2.4015740181784047
2.0519217324360453,2.3335319325915385
1.9402565822561995,2.293725083063623
1.8490271207382571,2.2710506880992387
1.7720596261162118,2.2575584245236273
1.706147853864851,2.2508622929453845
1.6492990605467803,2.2495216106226446
1.5997449194888789,2.250990040912672
