train_rmse,valid_rmse
3.3531486595486952,3.3936046539162397
2.5125536137698017,2.628815515237621
2.2642512157322634,2.459086079085815
2.10628695373284,2.375990598150506
1.9863232291643895,2.3264507988868006
1.8890323058951168,2.2957804218303606
1.8075417874976702,2.276742433242438
1.737860997873487,2.2659858743695063
1.677827159690558,2.26145310718853
1.6254110729207591,2.260362894771963
