train_rmse,valid_rmse
2.007184556200594,2.214528750128083
1.5900258929015996,2.237812140933373
1.4072414635664912,2.270436613313574
1.3016666542514919,2.3269192046417375
0.0,0.0
0.0,0.0
0.0,0.0
0.0,0.0
0.0,0.0
0.0,0.0
