train_rmse,valid_rmse
2.020726610935287,2.204519384055159
