train_rmse,valid_rmse
2.3226990249950363,2.3788036367067975
1.8021327276691788,2.1888313142988913
