train_rmse,valid_rmse
3.0668803046090702,3.1213012753942784
2.4576936442033777,2.606267731190137
2.225279087045649,2.459538774545537
2.0685315719172914,2.3834234634844913
1.9485611144417168,2.337951421444066
1.8510868556477134,2.3099332512340243
1.7699073373520473,2.293173062219504
1.7007254728240233,2.2857089122876855
1.641225664915616,2.2833551489302777
1.5903540652955366,2.283864623165555
