train_rmse,valid_rmse
1.996846877733841,2.199437638513603
