train_rmse,valid_rmse
2.7062941153160183,2.791204362468208
2.290265925053025,2.482809816247228
2.083008036154589,2.3763700055540884
1.934466718188316,2.321359388365813
1.8179360016526283,2.2916667370541495
1.7231289981147906,2.27869820491282
1.6447631023638016,2.274671332236038
1.579385653588274,2.277297107388647
1.5252540013227394,2.2834218427025124
1.4787559924964655,2.2907640274029117
