train_rmse,valid_rmse
3.269256083149133,3.306455882124787
2.4422107638916026,2.540673006357805
2.236381116902505,2.4047057516939367
2.1004133182231115,2.335712183149424
1.9938053154027489,2.2935015907191825
1.9050314715542769,2.2667971820709285
1.8290775487205795,2.250770255280044
1.762716262838622,2.240825481003777
1.7045575413084737,2.2364033674344457
1.653078866529114,2.2354069121597893
