train_rmse,valid_rmse
2.032126307878339,2.215118441013645
1.6233313218455097,2.215459325593714
1.4193646152489547,2.255489345266657
1.2917833608202887,2.319598389098823
0.0,0.0
0.0,0.0
0.0,0.0
0.0,0.0
0.0,0.0
0.0,0.0
0.0,0.0
0.0,0.0
0.0,0.0
0.0,0.0
0.0,0.0
0.0,0.0
0.0,0.0
0.0,0.0
0.0,0.0
0.0,0.0
