train_rmse,valid_rmse
2.6241626430221823,2.7581569763363962
2.162918017506458,2.471000931416351
1.9272670356542003,2.3797003246381463
1.7677998931564494,2.3407622519482807
1.6500697142794827,2.328361471253249
1.5605883175448267,2.3277976061049657
1.4929661889043002,2.336376036752603
1.4393596017790409,2.345535967919723
1.3963068448137963,2.3576611696756347
1.3619874694786225,2.3694892536291676
