train_rmse,valid_rmse
2.0155883697495103,2.2005666891171423
1.6491593051062383,2.2389415322769604
1.4590461807879371,2.2787694926043804
1.354852810902515,2.334098687674714
1.2440574252065109,2.3321025447736363
1.1700507729394976,2.359699801173054
1.1253776394945834,2.4134615365181658
1.072721843283194,2.4448941389353953
1.031516224074851,2.4192536384039696
1.0004536236026425,2.446127211188855
