train_rmse,valid_rmse
2.2077927470086256,2.300903579540512
1.827270115228189,2.215789631804085
1.6585184521057965,2.279913953792312
1.5017686927201965,2.296864011275832
1.4236495790276886,2.299913056220513
1.366108423079319,2.3280632022301035
1.3095462398126043,2.3527698701983293
1.288602116896483,2.3688484130047662
1.2502039716379116,2.3694194689012895
1.2223639527451646,2.360193748260538
