train_rmse,valid_rmse
2.0943566740079143,2.233717444640089
1.6997748282002143,2.2047189916834875
1.4660812908687084,2.2677038650258075
1.364215055087041,2.315377459506963
1.312332570703274,2.352501208631696
1.282462552920201,2.37236517070091
1.258930996998528,2.3913440568287427
1.2442922864563417,2.399181503419288
1.2352691871367256,2.4064816768446904
1.2250087594414993,2.417351874156072
