train_rmse,valid_rmse
2.9292817187505458,2.9716490323103235
2.4419854234837466,2.5626561762801927
2.2365704943719544,2.4308661481819045
2.093209350933184,2.3588096988134777
1.980073747479817,2.3156385855074424
1.8854968943754542,2.288182415326006
1.8052568266703264,2.272638427336438
1.7353905637149976,2.2648114747113244
1.6748183281352562,2.261657961252717
1.6214063634091194,2.261927897340937
