train_rmse,valid_rmse
1.8814202096406472,2.173472055254101
