train_rmse,valid_rmse
2.0369220072560963,2.220452719265848
1.6496309739828803,2.24321585626022
1.407830528365719,2.2712942889483685
1.2987718135491833,2.2999415136983505
0.0,0.0
0.0,0.0
0.0,0.0
0.0,0.0
0.0,0.0
0.0,0.0
